<?xml version="1.0" encoding="UTF-8"?>
<beans xmlns="http://www.springframework.org/schema/beans"
	xmlns:xsi="http://www.w3.org/2001/XMLSchema-instance"
	xmlns:context="http://www.springframework.org/schema/context"
	xmlns:mybatis-spring="http://mybatis.org/schema/mybatis-spring"
	xsi:schemaLocation="http://mybatis.org/schema/mybatis-spring http://mybatis.org/schema/mybatis-spring-1.2.xsd
		http://www.springframework.org/schema/beans https://www.springframework.org/schema/beans/spring-beans.xsd
		http://www.springframework.org/schema/context http://www.springframework.org/schema/context/spring-context-4.3.xsd">
	<!-- 히카리 CP 빈으로 설정 -->
	<!-- 빈등록: 외부  -->
	<bean id="hikariConfig" class="com.zaxxer.hikari.HikariConfig">
		<!--  <property name="driverClassName" value="oracle.jdbc.driver.OracleDriver"></property>
		<property name="jdbcUrl" value="jdbc:oracle:thin:@localhost:1521:xe"></property> 
		-->
		<property name="driverClassName" value="net.sf.log4jdbc.sql.jdbcapi.DriverSpy"></property>
		<property name="jdbcUrl" value="jdbc:log4jdbc:oracle:thin:@localhost:1521:xe"></property> 
		<property name="username" value="springex"></property>
		<property name="password" value="green"></property>
	</bean>
	<!-- 히카리 CP configuration 설정 -->
	<bean id="dataSource" class="com.zaxxer.hikari.HikariDataSource" destroy-method="close">
	<constructor-arg ref="hikariConfig"></constructor-arg>
	</bean>
	<!-- mybatis bean등록 -->
	<bean id="sqlSessionFactory" class="org.mybatis.spring.SqlSessionFactoryBean">
		<property name="dataSource" ref="dataSource"></property>
	</bean>
	<!-- mybatis가 동작할때 mapper를 인식하도록 설정 
		base-package속성은 지정된 페키지의 모든 mybatis관련 어노테이션을 찾아서 처리하도록 한다. -->
	<mybatis-spring:scan base-package="org.zerock.mapper"/>
	
	<!-- Root Context: defines shared resources visible to all other web components -->
		<context:component-scan base-package="org.zerock.sample"></context:component-scan>
</beans>
