<?xml version="1.0" encoding="UTF-8"?>
<!DOCTYPE mapper PUBLIC "=//mybatis.org// DTD mapper 3.0//EN"
"http://mybatis.org/dtd/mybatis-3-mapper.dtd">
<mapper namespace="org.manager.mapper.ProductAttachMapper">
<insert id="insert">
	insert into product_attach_tbl(uuid, uploadpath, filename, filetype, pno)
	values (#{uuid}, #{uploadpath}, #{filename}, #{filetype}, #{pno})
	</insert>
	<delete id="delete">
	delete from product_attach_tbl where uuid = #{uuid}
	</delete>
	<select id="findByBno" resultType="org.manager.domain.ProductAttachDTO">
	select * from product_attach_tbl where pno = #{pno}
	</select>
	<delete id="deleteAll">
		delete from product_attach_tbl where pno = #{pno}
	</delete>
</mapper>