<?xml version="1.0" encoding="UTF-8"?>
<!DOCTYPE mapper PUBLIC "=//mybatis.org// DTD mapper 3.0//EN"
"http://mybatis.org/dtd/mybatis-3-mapper.dtd">
<mapper namespace="org.manager.mapper.ProductMapper">
<!-- 리스트 -->
<select id="getList" resultType="org.manager.domain.ProductDTO">
	select * from product_tbl
</select>
<!-- 게시글 넣기 -->
<insert id="insert">
	insert into product_tbl (pno, price, writer, pname, category, filename, fullname, uploadpath )
	values (product_seq.nextval, #{price}, #{writer}, #{pname}, #{category}, #{filename}, #{fullname}, #{uploadpath} )
</insert>
<!-- 상세보기 -->
<select id="read" resultType="org.manager.domain.ProductDTO">
	select * from product_tbl where pno = #{pno}
</select>
<!-- 수정 -->
<update id="update">
	update table product_tbl set
	price = #{price}
	pname = #{pname}
	category = #{category}
	filename = #{filename}
	fullname = #{fullname}
	writer =  #{writer}
	where pno = #{pno}
</update>
<!-- 게시글 삭제 -->
<delete id="delete">
	Delete from table product_tbl where pno = #{pno}
</delete>



</mapper>