<?xml version="1.0" encoding="UTF-8"?>
<!DOCTYPE mapper PUBLIC "=//mybatis.org// DTD mapper 3.0//EN"
"http://mybatis.org/dtd/mybatis-3-mapper.dtd">
<mapper namespace="org.green.mapper.GalleryBoardMapper">
	
	<!-- 게시글 -->
	<select id="getList" resultType="org.green.domain.GalleryBoardVO">
		select * from tbl_gallery
	</select>
	
	<!-- 등록 -->
	<insert id="insert">
		insert into tbl_gallery(gno,title,writer,filename,uploadpath,fullname,category,content)
		VALUES(gal_seq.nextval,#{title},#{writer},#{fileName},#{uploadPath},#{fullName},#{category},#{content})
	</insert>
	
	<!-- 1개 조회 -->
	<select id="read" resultType="org.green.domain.GalleryBoardVO">
		select * from tbl_gallery where gno = #{gno}
	</select>
	
	<!-- 삭제 -->
	<delete id="delete">
		Delete from tbl_gallery where gno = #{gno}
	</delete>
	<!-- 수정 -->
	<update id="update">
		update tbl_gallery set 
		title = #{title}, 
		writer = #{writer}, 
		filename = #{fileName},
		uploadpath = #{uploadPath}, 
		category = #{category}, 
		fullname = #{fullName},
		content = #{content}  
		where gno = #{gno}
	</update>
	
</mapper>