<?xml version="1.0" encoding="UTF-8"?>
<beans xmlns="http://www.springframework.org/schema/beans"
	xmlns:xsi="http://www.w3.org/2001/XMLSchema-instance"
	xmlns:context="http://www.springframework.org/schema/context"
	xmlns:mybatis-spring="http://mybatis.org/schema/mybatis-spring"
	xsi:schemaLocation="http://mybatis.org/schema/mybatis-spring http://mybatis.org/schema/mybatis-spring-1.2.xsd
		http://www.springframework.org/schema/beans https://www.springframework.org/schema/beans/spring-beans.xsd
		http://www.springframework.org/schema/context http://www.springframework.org/schema/context/spring-context-4.3.xsd">
	
	<!-- Root Context: defines shared resources visible to all other web components -->
	<!-- 빈등록 : 외부 jar파일등으로 사용되는 클래스들은 <bean>태그를 이용해서 작성해야한다 -->
	<!-- HikariCP 등록 -->
	<bean id = "hikariConfig" class="com.zaxxer.hikari.HikariConfig">
		<property name="driverClassName" value="net.sf.log4jdbc.sql.jdbcapi.DriverSpy" ></property>
		<!--<property name="jdbcUrl" value="jdbc:oracle:thin:@localhost:1521:xe" ></property>-->
		<property name="jdbcUrl" value="jdbc:log4jdbc:oracle:thin:@localhost:1521:xe" ></property>
		<property name="username" value="springex" ></property>
		<property name="password" value="green" ></property>
	</bean>
	<!-- 히카리 CP configuration -->
	<bean id="dataSource" class="com.zaxxer.hikari.HikariDataSource"
		destroy-method="close">
		<constructor-arg ref="hikariConfig"></constructor-arg>
	</bean>
	<!-- mybatis-spring 추가 -->
	<bean id="sqlSessionFactory" class="org.mybatis.spring.SqlSessionFactoryBean">
		<property name="dataSource" ref="dataSource"></property>
	</bean>
	<mybatis-spring:scan base-package="org.manager.mapper" />
	<context:component-scan base-package="org.manager.service"></context:component-scan>
</beans>
